age,income,loan_amount,loan_term,credit_history_length,past_due,default,gender,employment_status,marital_status
-0.6365788866375535,-0.033436161582512613,0.0571608841184692,0.14451984963248043,-2.702289158810235,0.22962793016365324,0,Male,Self-employed,Single
-1.051936943475796,0.5475031907181593,0.27661667956917535,-0.8172319464281985,1.5526163249629756,0.731145529257608,1,Female,Self-employed,Married
-1.1741397782631446,-1.371461929957571,-1.349177326292267,-1.219459543602823,0.11803628609408223,-0.23399066690216466,1,Male,Employed,Single
-0.56677635549588,-1.8818742377718243,-2.2367465560412247,-0.10956211998662857,-0.2710821605478041,-0.37829288353702933,0,Male,Employed,Divorced
-2.7535705404129365,2.6908476008513187,0.00817791332880935,1.2538820319293165,3.4373236481004468,1.9653275084537123,0,Male,Unemployed,Divorced
0.154658285726602,2.4793296913511558,1.4137191724588947,1.8134538020523898,1.0310821426033328,-0.09175932399950061,1,Female,Employed,Single
-1.0752741361443379,-1.817327163226664,-1.8502379734693069,-1.6767722796563103,1.9910352069217239,1.9108045884587852,1,Male,Self-employed,Divorced
-1.823399342176942,0.9207966859346773,-0.2846177737117187,0.6948362031126323,-0.6348909775037656,0.22964517693797995,0,Male,Self-employed,Single
-2.5345814834656273,0.27958915231580045,-0.5737938289796862,-0.7366224014191354,0.11643248004072837,-0.046420370741399854,0,Male,Employed,Single
0.7190347992143149,0.06440526644679859,0.4031973738816442,0.46018992314133167,-1.3060336170653881,1.2463268857974537,1,Female,Self-employed,Divorced
-0.33955663864076757,-1.8781671067098868,-2.0491093068753243,-0.006120798898744173,-0.9469113854365203,1.626519471699682,0,Male,Self-employed,Single
-0.9059610338878302,-1.355229792647384,-0.8639510295186719,-1.2918736206353882,-1.3176317778754905,-0.9656175998771516,0,Male,Employed,Divorced
-0.9576474696724744,-0.986788792605166,-0.7600922718423915,-1.21115560215214,-0.1849100712092684,-0.2879522219028064,1,Male,Employed,Married
0.6612771669298728,0.7792647531621717,0.21053419286467445,1.4178675620763903,0.343418287920509,3.1048674284667217,1,Male,Self-employed,Single
2.3433109245762993,-1.5859076684638729,-1.219739884240642,1.3776170066365159,-0.9257827383590083,-0.2568103084190336,0,Female,Self-employed,Married
-0.7961664754961721,0.26012642689283383,0.40447677244418623,-0.3086083618231549,-1.744403094538908,0.5943688089231695,0,Male,Self-employed,Divorced
-1.6563871825343226,1.2309733936056042,-0.5783480188649468,1.19582540347755,1.3990586859867697,-0.38506026185950626,0,Female,Unemployed,Married
1.2821684889546217,-4.0289357390336065,-2.1543405022193443,-1.4626454304323464,-3.2332219474706143,1.1335467745027057,1,Female,Unemployed,Married
-0.8348268440410183,-3.852420185530511,-2.9378854854947125,-2.8042807159459406,0.5547438935238853,-0.4491638087755629,1,Female,Unemployed,Divorced
-0.9049164957170851,-4.34962369719245,-2.170278252244697,-3.996701908482795,-2.387112060625972,-0.28310900123525357,0,Male,Employed,Married
0.49003862973860657,1.2678338299127683,0.18666124188087263,1.777919710936334,1.5473966324343307,-1.5575827858617337,0,Female,Unemployed,Married
0.5586127846730387,-4.037566585970662,-3.0282641692757073,-1.6093485518013846,-0.2533129568659074,-0.351140693820839,0,Male,Employed,Divorced
-0.2519652004033557,-1.0760200827003008,-1.771492674450534,0.7364749225660321,-0.10911533161454123,-1.3264547944534648,0,Female,Employed,Married
-0.9542642094095855,-0.25832073387053156,-1.1318733634886209,0.8581221636930665,-1.109614624025035,0.035894549767699735,0,Female,Unemployed,Divorced
-1.3217423431096322,-2.6436213426105053,-1.245749213562497,-2.759447017463896,-2.8175759247550527,-0.6594134114510023,0,Female,Unemployed,Married
-1.0708625297797099,-0.6332222798694236,-0.5624641575565037,-0.7643043148834663,-1.0189868161094917,0.8315427577092825,0,Female,Unemployed,Divorced
-0.9060612982493265,-2.233394453331859,-1.9946580311239401,-1.0882116137761109,-1.1338254718573886,0.43084024433374835,1,Female,Self-employed,Divorced
1.6163455873494512,-0.0675180321731263,1.3179429353513854,-0.23431939199159757,-1.9863179654460703,1.0313399942643104,1,Female,Unemployed,Married
1.5774183657010301,-0.7296447815871682,-0.09093492103008449,0.7895313364251078,-2.014641010193227,1.5097257984484294,1,Female,Self-employed,Married
-0.42105795007376934,-1.5137796917265274,-1.870060644754084,-0.21548575132551018,0.6703843599476902,-0.06902251499622762,0,Female,Employed,Married
0.06403647157081926,-3.398960241916262,-1.9990471397477636,-2.0626992900698085,-1.772782217448894,0.5081897774921301,0,Male,Self-employed,Single
-0.6659845991467586,-1.7873603971977525,-1.4152693359324342,-1.5426035506274567,0.580847322806025,-1.116585804253847,1,Male,Unemployed,Single
-0.9629173013419934,-3.044856271145007,-1.967459030216241,-2.6370147528985717,-0.7986799353870951,-0.6659384827953962,0,Female,Employed,Single
-2.338614985553533,-1.1123502348187588,-2.411288307468347,-0.10320581999196121,0.12966254906269503,1.2746773385647592,0,Female,Employed,Divorced
-1.325666605103827,-1.2725315698453799,-0.661024348512206,-1.7818118522088264,-1.3902400959904209,-1.8925459853039637,0,Female,Employed,Married
-1.3153570335776001,0.4668684555081478,-0.6089296723782909,0.745222862197173,-0.31317568190673417,1.731320579909177,0,Male,Self-employed,Divorced
-0.8399205250529571,-1.730036221392955,-1.224384159642156,-1.3111565515378263,-1.3315538688184034,0.15736150129029647,0,Female,Unemployed,Single
-0.43084108692268785,-2.267537640146798,-2.6709969488886633,0.14897253154101475,-0.7104831157107379,1.7016962085334608,0,Male,Employed,Married
-0.6297001944313991,-3.5597171579904696,-2.5575965228924584,-1.9635853077216325,-2.0233092911559116,-0.5676837726720896,1,Male,Employed,Divorced
-0.8944528791535235,0.10691323562455202,-0.3498503686824527,0.22251828851823818,-0.7763933815699944,0.8622630247968789,0,Male,Employed,Married
-0.7625459417592269,-1.8773604959477104,-2.0884910510488846,-0.7219110339595398,0.5180422348200203,-1.171343009730972,1,Male,Self-employed,Divorced
0.06625770448222013,-0.43797276127140283,-1.3967848219426455,1.436687675832796,0.07204407827528547,0.5024221291904121,0,Male,Self-employed,Married
0.031121318819432142,-6.172816211634693,-4.573923652904799,-3.169320376655892,-0.5293156893951927,0.4685634933715225,0,Female,Unemployed,Single
-0.4200415811687902,-1.0350749861564197,-1.4348523872923744,0.17709727069257286,-0.18811911963904182,-0.39093856966522517,0,Female,Self-employed,Single
0.9145403695814482,1.6997496182398373,1.5824123013818698,1.297601012782949,-0.43605096020552103,-0.8433731545393808,1,Female,Employed,Married
-0.606156007390021,-2.6330439543550037,-1.9054248548096706,-1.9818599871663687,-0.026844142939483895,-0.4947033689177825,1,Female,Unemployed,Divorced
-1.29381834314311,2.775742903396549,0.4810965906325311,1.9026063071454393,3.269210165371669,-0.41892011924854655,0,Female,Employed,Single
-0.6842205431102615,-2.6237208801589573,-2.1294369150053125,-1.7585003578310705,0.2162889758344949,1.549209476526304,1,Male,Employed,Single
1.3671434638429447,0.15167369064310854,0.24050325030649167,0.9861394231695161,0.019351541689925922,-1.9974113434595069,1,Female,Self-employed,Single
-1.0372983656139674,-1.85456175678169,-0.15034009783965385,-2.974917866907771,-2.5089308926996248,-0.810775919892985,0,Female,Unemployed,Married
-3.2284335468742342,0.28770029808277164,-1.6268853093371316,0.16543141981528842,0.6660421917302038,1.075124275217289,0,Male,Self-employed,Married
-2.373259486471456,2.328015658510176,-0.06001122435180373,1.4410855574213313,2.145273911645865,1.0543635483872036,0,Female,Self-employed,Divorced
0.25043475136341253,-0.4185479954695983,-0.6834533066373951,0.30381424489266573,0.8186005302197814,-1.3446854252439342,1,Male,Unemployed,Divorced
-0.08988081565246353,1.8804172000488397,0.43503032866403823,1.5557580944907108,2.8953082898885394,2.4133939151171364,0,Female,Employed,Divorced
-0.4755752376799882,-1.1722575989078945,-2.100116905766443,0.48046105028629205,1.2941604137486382,-1.16889626574172,0,Male,Employed,Married
-1.2760580242100832,-2.5893438028904816,-1.9482762303216137,-2.242682000403449,-0.504830538042547,3.1673716720641596,0,Female,Unemployed,Married
-1.7997613275586393,1.8066779554198795,-0.2763491148288111,1.4563582359464782,1.8261820711906656,0.06250273324947596,0,Female,Employed,Divorced
0.41309878880121564,-1.6993210787684307,-1.52705043026166,-0.117106000639279,-0.20586752102640749,-0.3366227273211608,1,Male,Unemployed,Divorced
1.6875677787470476,-0.29870353995568255,-0.018010082000998517,0.9590146911973312,-0.22782325081229793,0.3474026366423288,1,Male,Unemployed,Married
0.16231176136453662,-2.009177571613563,-1.2317777871469757,-0.5709961770184802,-2.632458737167707,2.5935715038588616,1,Male,Self-employed,Divorced
1.3008855689438183,3.5215176943370863,3.7635108065987004,1.8717471637798113,-2.2719552007015205,-0.08285091480589193,1,Male,Unemployed,Single
0.4310306422106688,1.508665704033112,0.8319895855178598,1.2322229765395205,1.256815391271033,0.41221840224393347,1,Male,Self-employed,Married
-1.6226246905789563,1.030090005317878,0.16138224891361896,-0.48808742112785464,2.2105296677169037,0.834085718608303,1,Male,Employed,Divorced
1.1733719582753959,-0.9778272527413896,0.45737465095046415,-0.15118916925665937,-4.176094635880606,0.8737830409601158,1,Male,Employed,Married
-0.20090717116688916,4.1463387476344105,1.7856771750818865,2.8838292654990934,3.9567375011528036,0.861127668958601,0,Male,Employed,Single
-0.6116952557260309,-2.7440704086373997,-2.7860927881174984,-0.9616213739062697,0.43707694471604763,-1.6990072048436677,0,Female,Employed,Married
-1.7125597069186027,-1.9699729960763395,-0.8626969246426678,-3.2310092442378235,-0.4651209194438629,-0.2662375321614578,0,Female,Self-employed,Married
1.6233005316877347,-2.095702984305578,-1.8469125784241591,0.7006700484725481,-0.25340633180367145,1.9628226340454584,0,Male,Employed,Married
-3.6537120822943057,1.0462170933755117,-1.270885760388442,0.2688999511314717,1.6083189604617434,-0.9117944887513568,0,Female,Unemployed,Married
-1.27575680324484,-0.14058944030080428,-0.4429652718244972,-0.5319029063591209,-0.1930630780846997,0.5973060414653077,0,Female,Unemployed,Single
0.1785371592883649,-0.7684802556888086,-1.2155242214998054,0.7488746425647361,-0.10820360456298905,0.3655067348266927,0,Female,Unemployed,Married
0.8981535180628143,0.5058051590541148,-0.22841450648296036,1.819020048907233,0.3565789487549065,0.599783855964729,1,Female,Self-employed,Married
-1.7898284231739578,0.044213286909433824,0.024832491212915198,-1.1587623295655949,-0.8504189550978024,-0.18757866427025166,0,Male,Employed,Divorced
-1.1625253587616835,1.2284924483980397,0.7521921655838968,-0.42593961986316775,1.3287969732479632,0.678299411192041,1,Female,Employed,Married
-0.6078657616859743,2.0513434529129437,-0.24949023888583088,2.514434425173442,2.752688230738749,-0.5738894823351331,0,Male,Employed,Divorced
-2.685673926510564,3.3771266721960314,2.1108421587286195,0.5717866770631852,-1.0449923626155215,-0.1524713551050962,0,Female,Self-employed,Single
-1.2701817852911925,-0.7321766474294258,-1.8024170563240172,0.5406747494309209,-0.12069478489086816,-0.9787666478612534,0,Female,Unemployed,Single
-1.309908206241411,-1.1091951599477823,-0.5859557107859381,-2.417811254539268,1.3281481885682265,1.103666942525805,1,Female,Unemployed,Single
0.17059938290762755,0.15167448549687945,-0.7289164524980047,1.062282496434962,1.5029742259672034,0.46413466022330374,0,Male,Employed,Single
-0.015695676651961477,-3.0896241937430533,-2.780761696291677,-0.24943074183296154,-2.315914695180036,1.3514784294735072,0,Female,Unemployed,Divorced
-0.7591153320150394,-0.9821210637587551,-1.843785001010753,0.838525043352901,-0.9300469234279973,-0.3831825179860731,0,Male,Unemployed,Married
0.6712857147931544,-4.501635331356483,-2.6896840054259563,-2.666896732149011,-0.7532718929884622,-0.7038946503004336,0,Female,Self-employed,Single
-0.24281400798321928,-0.8482205585050888,-1.6094330506980579,0.856840547692235,-0.03829848819357484,-0.014037109343111222,0,Male,Self-employed,Married
-2.066209100283495,-0.5290942936591403,-1.9078862029524144,0.2902448322283091,0.2457247520462178,-0.0722834780704241,0,Female,Self-employed,Divorced
-0.8617642943513352,-1.8235316444328966,-1.8808327497627353,-0.5997472747643053,-0.9294428171260014,0.4696207893755043,0,Male,Self-employed,Divorced
-1.2865798387283276,-1.3783567970639865,-1.2612186094000468,-1.2642128818518517,-0.5296703411738286,0.13256606796478587,0,Male,Employed,Divorced
-1.0753747331335184,0.462506814516929,0.9545012250724119,-1.7625709584921139,0.6961544801069843,1.7254162750554658,1,Female,Self-employed,Single
2.012072439855817,-0.0211727064480427,-0.3129389553804178,1.8464941864737308,0.7560645317096168,-1.6564137054751564,0,Male,Unemployed,Married
-1.2885829926814285,0.20221296530524574,-0.6352126660938346,0.547412202094,-0.9335108366268818,0.9074947684172557,0,Female,Employed,Married
1.2916836327018009,-0.4066623518113401,0.19572648476312726,0.4484215024799343,-1.2983058262503853,0.5027897210407561,1,Female,Unemployed,Married
-1.3196854514812026,-1.0095473189169208,-0.9037828840470776,-1.7869561132136753,1.3794235471681042,1.8468060400869681,1,Female,Unemployed,Divorced
-1.1792166186340254,0.8256990933393377,1.0566754499010824,-1.3725296608035102,0.6250836960044981,0.7312154933428736,1,Female,Unemployed,Single
-0.5602155992027129,1.9499406681437494,0.27548528094593694,1.6331326220259,2.569688300391036,0.25799699212006616,0,Female,Self-employed,Divorced
0.01644602338220258,-0.3121711960782826,-0.9567056187554411,0.9560495231235637,-0.0040529750395814634,1.9765442737282277,0,Female,Self-employed,Divorced
-0.6481897917748314,-1.4666229352314597,-2.0839371927381496,0.10488142622550445,0.34274647581586437,0.3537627789918679,1,Female,Employed,Married
-1.5810135737704243,-0.4107565325960215,-0.6765534698457504,-0.42039158152829326,-1.7206195695683233,-2.245667198993836,1,Female,Employed,Divorced
0.29636259502917106,-1.3348815147087532,-1.6080048262618134,0.8045270847487003,-1.1499627729789967,2.515546207874225,0,Female,Self-employed,Married
-1.3904815460817237,-0.5945910954519359,-0.2678229083571769,-1.3811122963260516,-1.1137856156216746,0.5571786606692488,0,Female,Unemployed,Single
-1.3371137291960937,-3.845732922942851,-3.708550373837499,-0.8880908766136826,-3.25057161237216,-0.6206042639395163,0,Female,Employed,Married
0.35011004310985794,-5.516242039757774,-4.203038440072993,-1.6530930113681825,-2.9676915636385033,0.5059911099595346,1,Male,Self-employed,Single
-0.7472097409100793,-0.9802356545178983,-1.5721033308613863,-0.25208250893788586,1.3826803989203054,0.24330766412836574,1,Male,Self-employed,Married
-0.9236873157270604,-1.241169736855277,-0.3226404042733887,-1.7848869550894708,-1.8528097290058456,-0.18099073893972362,0,Female,Self-employed,Divorced
-1.5674438084761175,4.483424903185341,1.3160693945345936,3.002477299215766,4.161861036976923,-1.5797230707117969,0,Female,Unemployed,Divorced
-1.2907315529088303,1.3894388881793522,-0.4386227716778692,1.3091420030874275,2.1875265605168597,-0.2219124527935532,0,Female,Self-employed,Single
1.3381125227946853,-2.5755334802699092,-1.3733328001570557,-0.3465587557141989,-2.65573935989636,0.35175467659371346,1,Female,Self-employed,Single
-1.054785134754575,-1.7961182675630218,-1.3278739970565085,-1.9019870300079758,0.23210311448230814,-0.048029530714176684,1,Female,Self-employed,Single
-4.219810005513592,3.56981226177487,-0.19030650588903208,1.8740646687489766,3.345592100925985,0.46911670978106274,0,Female,Self-employed,Married
0.17470368293865635,-3.2262211386154274,-2.9859676888484064,-0.21779689850459172,-1.617768872311676,1.6381127495476404,0,Female,Employed,Married
-3.5060304681955436,1.569972094060439,-0.827609283856111,0.6581750176902164,1.3729058771866836,1.5010388400044603,0,Female,Employed,Single
-1.090139386896102,-2.401302380687161,-1.281601247266241,-2.461386254532175,-1.637233451791134,-1.8308153741936848,0,Male,Self-employed,Divorced
-2.0910386622747463,1.2943650014852395,1.0063351827890052,-0.5185810242934239,-1.8245278789718937,0.5714806965769847,0,Female,Unemployed,Married
-2.040552593172638,-1.8763648054814333,-0.8956977957234775,-2.832342882024606,-2.0007232894324884,0.177375391839546,0,Male,Employed,Married
-1.012885469388393,3.836327105463826,1.292315749751824,2.250568507864517,4.67015532717263,-0.20403058098106056,0,Female,Self-employed,Married
0.600764542730178,0.6451568221821078,-0.28434931586452783,1.842359174491843,0.5437483737277438,-0.6094955818180586,0,Female,Employed,Single
-2.0444463063586302,2.6190158593290147,1.0651868920883665,1.5662512510955873,-1.5372870005057946,-0.329914735133474,0,Male,Employed,Single
-0.04690424105407198,-0.6773520109585454,-1.3476051357797214,0.7923440609738837,0.3272269150423339,-0.4817732629848396,0,Female,Unemployed,Single
-1.2119924269501237,-0.6651268599772351,-0.9982505378966604,-1.0688468982876915,1.6876387385555096,1.1267531919262028,1,Male,Self-employed,Single
-1.9243190854479613,-1.0106931561574368,0.15504311382276326,-2.865976447083569,-2.0989917238558276,0.6525346937594791,0,Female,Self-employed,Single
0.09506381620310389,-2.451290047104571,-1.1557949281681683,-1.8855878804289083,-1.2797242237898088,-0.9282694514164505,0,Female,Unemployed,Divorced
-0.3474390891905669,-0.3047727468231708,-0.3015140887109944,0.31643890190313395,-2.177252000368237,0.04559216447004996,0,Male,Unemployed,Divorced
-1.045701813910967,-0.7573764429927675,-0.7747682640131506,-1.1555404239147131,0.7592478211065989,-0.3436883479377835,1,Female,Self-employed,Single
1.7414701652710818,1.5750375632740918,2.2494640681612754,1.2526874699304738,-2.17646182318158,-0.37017063055339033,1,Male,Self-employed,Married
0.7299926464713771,1.737619232071924,1.7518162539427191,1.2539986406847907,-1.4509090745484396,1.640503392887938,1,Female,Unemployed,Single
-0.31395615894333284,-3.484801776074934,-3.2997319236429354,-0.381492262524441,-2.2397541357171633,-0.024104878152501334,0,Male,Employed,Divorced
-1.8141908984630224,1.992245818401987,-0.3524731186884713,1.616614017657649,2.68775394662487,-0.47110817230269936,0,Male,Employed,Divorced
0.7386188261113165,-0.8079279469805034,-1.30541393777983,0.9475911073030324,0.9880426914875164,0.6321161012683779,0,Female,Unemployed,Married
-1.760918384303531,1.3806736343658719,0.9033387064056082,-0.18967133927783553,-1.0146663302752155,-0.8783711870927843,0,Female,Employed,Divorced
0.043254244256627716,-1.9940819946300472,-2.0112757228494833,-0.12257230363072025,-0.3626356948562097,0.13278069826415523,0,Male,Unemployed,Single
-1.5501970547891153,1.6982927359520805,-0.5326121288104924,1.8824133044439821,1.7805525255990924,-0.46439107661373846,0,Female,Employed,Married
-1.7571087988872627,-0.16573501235757843,-0.5410661323821908,-0.1190389755597756,-2.5288209547697464,-0.8534140397496542,0,Female,Employed,Single
-0.49229354708380113,-2.2290915092948755,-2.835178935357698,-0.022795776269940005,0.7635550576223605,0.8600963841430697,1,Female,Self-employed,Single
0.9053600717249274,-2.0510369105677677,-1.3222804329678532,-0.31703839770852316,-1.2345809941543522,-0.013549548047459737,1,Male,Self-employed,Married
-2.2027894530680623,-0.07847977818784457,-1.803882109056772,0.6950535183463498,0.5200341385925961,1.567353001959409,0,Male,Employed,Single
0.24407939238832776,-2.4747181303835792,-2.186178761413961,-0.43958089612376594,-0.5616330261458847,0.7681238351347166,1,Male,Employed,Divorced
0.767103982972849,-2.0364965359037774,-0.8910384794562665,-0.7648094707227446,-2.2446572843777837,-1.2772204659230832,1,Male,Self-employed,Single
-2.4741840299268425,-1.0224461838815395,-2.1461436474111095,-0.31448771566840406,-0.38729641226868106,-0.3354121436941908,0,Male,Self-employed,Married
-0.7238753117846263,-1.9170004765700348,-2.038820584559204,-1.040353680528763,1.2150437319091054,0.1076798697266051,1,Male,Self-employed,Married
-0.33477418163632144,-2.1055377223240797,-1.7414343916474921,-0.9995185370284437,-0.46063754682916025,-0.1491891597587188,0,Male,Unemployed,Married
-0.7931888782499447,-0.03784137457292214,0.374925987418961,-0.8440722520792561,-1.4645326016470923,-0.8820273412074283,0,Male,Employed,Single
1.0508625059358563,0.6025981105427646,0.8710766553215232,0.9390715796256404,-1.3870733692126613,-0.12681149790302182,1,Male,Self-employed,Married
-1.0103890077986155,-1.9355927397270318,-2.1857426443812535,-0.839274842926339,0.41087304699413574,-0.26863605838730287,0,Female,Employed,Married
0.7620838388066102,2.074163096303968,0.6600950471357396,2.5989172525855424,1.637749479851394,1.0427651758444012,0,Male,Unemployed,Single
-0.7894629698646679,-1.706267000385751,-1.3377545798855324,-1.0683455821555232,-1.2927672409595363,-0.09475337357840248,0,Female,Unemployed,Divorced
-0.05997447228653707,-3.2280961076228936,-1.865185071268636,-2.181365585972629,-1.4361769717464805,-0.5011399672785699,0,Female,Self-employed,Single
-0.65991621431991,-4.037656240515657,-1.8059457934816674,-4.04313846128113,-1.680385901702,0.12515469706288854,0,Female,Unemployed,Married
-0.7374422646365433,-0.8595266281485177,-1.6521225101932924,0.4035430372369473,0.2970319863076749,-0.47637770096936727,0,Male,Employed,Married
-2.4985731224025525,-0.24943781565784345,-2.026519157203917,0.22184901326634465,1.4895747230980732,0.4367139668903384,0,Male,Self-employed,Single
-2.0716295357013266,0.3972272014343269,-0.36977167311488024,-0.31216662545403184,-0.4392013803813781,-0.6704315670462594,0,Male,Employed,Divorced
0.42917658188156727,-1.1427752294582145,-0.59253815297978,-0.3006939112746527,-1.2184773669679703,-0.37316518221319706,1,Male,Employed,Married
-0.1626272638266002,-2.160981687450761,-1.7813596504462044,-0.7098762174058223,-1.0740401270476578,2.501698212860443,0,Female,Unemployed,Married
-0.03881803133121042,-2.899603603068485,-2.3625660257284506,-1.0918859169698403,-0.6264529231426109,-0.603780239062069,0,Male,Unemployed,Married
-1.8729403564866711,0.458632665149343,-1.28280083687561,1.0756596910670784,0.48400343199425677,0.32849537012981606,0,Male,Unemployed,Single
-1.078726252873344,1.7928540830139228,0.09158616217420268,1.4559085535035825,1.81570928005798,-0.5797009114736275,0,Male,Unemployed,Married
-0.47129729967357636,-3.025823193513619,-3.1103270517683765,-0.17305364205386198,-1.754091200064571,-1.146491207599568,0,Male,Unemployed,Divorced
-1.5994280443065496,0.5614613071084694,0.3088073355245864,-1.2244828659876732,1.3458312776311678,-0.5865480885213431,1,Male,Self-employed,Married
-0.15198784639289453,3.2569400153635577,0.8995048791794085,2.826127443187059,3.829679913795796,0.1627620789239809,0,Female,Employed,Married
-0.9637601255613669,-2.6365701890006403,-2.588226671657637,-1.2070746366609986,-0.10801708765713292,0.9421665051638289,1,Male,Employed,Divorced
-1.7670794106245773,0.6187572074967961,-1.1956754045664593,1.14331696474708,0.9995071644428102,0.8204824382712258,0,Female,Employed,Married
0.44179474697479626,-1.9453488271288677,-2.0621515244310853,0.4996418078838901,-0.8343340924351856,0.513835193065546,0,Male,Employed,Single
-0.9954075755672321,-0.33818979581363046,-0.8943688462107298,0.14297070925793154,-0.49015339829848315,-0.6309921298739474,0,Female,Unemployed,Single
-2.1744918113617753,-3.4631129828608476,-3.807039457118451,-1.3301803089615434,-1.3740127973139509,-0.18605650514288088,0,Male,Employed,Single
0.36123793328624787,-1.8358185096835105,-2.0129427276258136,0.42040481964819865,-0.42213832710155086,1.720830297119534,0,Male,Self-employed,Divorced
0.0669738235252968,-3.3849129897209473,-2.4956882762261996,-1.3377441143783237,-1.5652541474291293,0.4917930553996126,0,Female,Self-employed,Married
-0.40174200207796407,-0.049646384924135756,-0.2143650692599569,0.3969039074847007,-1.6044804400563764,2.235674686984474,0,Female,Employed,Single
-1.620268638616672,0.5221561891296964,-0.7031238064947414,0.6407577432832541,0.006132068810823288,-0.7425143508569407,0,Female,Employed,Divorced
-1.6586210661505285,0.29149351646053057,0.7273752633112511,-1.30512639718759,-2.225545331918147,-1.7618637420397385,0,Male,Self-employed,Married
0.2494847429713125,0.475805320604783,-0.6443330889400399,1.5607897166024558,1.4343513526380995,0.9018248003616903,0,Female,Self-employed,Divorced
0.7946782074090217,1.7131436711461552,0.5395822121018417,2.010969756799952,2.287657697376006,1.15458428185937,0,Male,Unemployed,Single
-1.2976325163838038,-1.9071738460537384,-0.031896461457389,-3.482021908592724,-2.4185798901818725,0.5467793541652396,0,Male,Self-employed,Single
1.0924923061221148,-5.256071112498027,-3.7807641162036862,-2.2283710996369894,0.28123927762911416,-0.555546732813421,0,Female,Unemployed,Single
-0.051156877810359935,-1.1029139468382412,-1.3417062337300156,0.10641596083117888,0.1905984422064142,-1.5487798225122118,1,Female,Unemployed,Divorced
-0.6893423640052585,-1.7415610277954123,-1.4668664609731499,-1.2744346819539025,0.13940410906842016,1.2986597341643356,1,Male,Unemployed,Divorced
-1.5865421858985371,-1.3586820930430346,-0.8153483769733456,-2.041930333051571,-0.9159811359530499,-0.12821152609511072,0,Male,Unemployed,Single
-1.6269731243502186,-0.019787482953622204,-1.0807312205387514,0.4248468248077186,-0.39929897956961913,1.865003233997474,0,Female,Unemployed,Divorced
-1.0045912852016616,0.8744681489224138,-0.07329901276677608,1.0443043138123396,-0.9330617952641467,1.1073884283387134,0,Female,Employed,Single
-1.0169171392646363,-1.01844484364522,-0.5371065731751294,-1.4078237023739164,-1.0124507127565743,0.2076126882280645,0,Female,Self-employed,Single
0.7011884435319933,-0.9737793497139993,-1.7063684737296505,1.8062895836279402,-0.8732812397028018,0.6514092809270224,0,Male,Unemployed,Married
-0.9030369471904401,-1.1878512500799256,-1.4926743292543818,-1.072700284183244,2.138351069176833,-0.6290719720694289,1,Male,Self-employed,Divorced
-0.9581487585052821,-1.580384818942369,-1.3748530230129874,-1.766671761464515,1.499995439086425,-0.16855587406276104,1,Male,Self-employed,Single
-2.4347510791971425,-2.7319576664998833,-3.444927888803272,-1.3199016574320854,0.1449923214892198,-0.7804740063253436,0,Male,Unemployed,Single
-1.3563896688185944,-1.7951024154768562,-0.43066262800349164,-2.877567058574984,-1.9244615430324645,-1.2491750613240478,0,Male,Employed,Divorced
-1.8110243146802172,2.0305978880359037,-0.23769612498650505,1.7075085057271298,2.0154837142809505,-1.21451895564927,0,Male,Unemployed,Married
0.5260323261514412,2.9170670659816422,1.2695433898930912,2.17794836300355,4.029977622916917,-0.2983034945514468,0,Female,Employed,Married
0.7005371952452888,-0.1833394457854136,-0.7938688780123688,1.253715348316484,0.7443159524620522,0.3518910679064361,0,Male,Self-employed,Single
0.343140215295864,-4.738423502704769,-3.1948158440807,-2.6789823263416936,-0.3391907689852546,1.103713869390598,0,Male,Employed,Divorced
0.04656412468278004,2.3207627047913917,1.6496550322213088,1.529874810061691,-0.4202023556915093,-0.47417431642990365,1,Male,Employed,Married
0.917668246375285,-0.9640928830918819,-1.3001641282223906,1.209745804049997,-0.3156087406519801,0.5593592087283311,0,Female,Employed,Divorced
-0.5471496927319994,-3.8779644196237233,-3.5092109918579077,-0.8540845418989769,-2.4243644148290935,1.265197251623699,0,Male,Self-employed,Divorced
0.1587303498640491,3.6165803708366777,1.3833986965135043,3.112130177462026,3.2495400130912055,-1.453426497274406,0,Male,Self-employed,Single
-2.0087304200391243,4.407340301226126,1.1290107417283464,2.894751338912134,3.8578401121596144,0.650281574959703,0,Female,Employed,Married
3.01280388889598,1.2321704998827263,0.6732829865091163,2.8851494559071638,1.9782522181878555,-2.4812949865652016,0,Male,Employed,Single
-1.7157474248053932,1.3502578907333487,0.7012695047873236,0.47764743946828037,-2.2675393227910066,1.0402059282236624,0,Male,Unemployed,Married
1.0828809667204007,3.9549178735367856,3.280862617021423,2.6152152220745517,-0.43240594690160994,-1.369698179685067,1,Male,Employed,Married
-1.0569260094454813,-1.0879708738251135,-0.6651126935685205,-1.033046961106717,-2.1152925801612463,0.49041957170276645,0,Male,Unemployed,Married
1.6178663617557891,-0.4111220544074952,0.26467738235323335,0.7614481216338574,-1.8444459427010897,0.38354400747392153,1,Male,Employed,Married
0.13953141034642091,-1.7246700700902409,-1.9153157466735031,0.13868665742899167,0.046835538741209604,2.163656499224737,0,Female,Unemployed,Married
-2.99328045005063,4.341000467842527,0.9453544937525047,2.143821368190511,4.277121648722002,-1.5337487257098361,0,Female,Self-employed,Divorced
0.6819849901362731,-5.861176621747115,-4.402307124792163,-1.6090382672852832,-3.1332190491255982,1.3831450008722745,0,Female,Employed,Single
-0.7515733665245801,-1.7719158027820021,-2.5033538840780127,0.20424299318910544,0.16495719062231018,-0.7234368141068251,1,Male,Employed,Divorced
1.2725782440940994,0.8184445678917317,0.014812618312482373,2.0974050459380407,0.95049891488654,1.67152023540541,0,Male,Employed,Married
